{"sessionID":"5DMM","dosisleistung":0.0001695649711263748,"dosis":0,"co":150,"ch4":0,"co2":0.05,"o2":17,"ibut":0,"nona":0.05,"h2s":15,"nh3":0,"distance":0.5430213836710789,"source_strength":0.5}