{"sessionID":"C0FW","dosisleistung":0.0010673667289154566,"dosis":0,"co":0,"ch4":0,"co2":0.004,"o2":20.9,"ibut":0,"nona":0,"h2s":0,"nh3":0,"distance":0.21643533843490798}